0401,aleksandrowski,04,CAL,"475,61 ",54 891,Lidia Tokarska,False,ul. Słowackiego 8 87-700 Aleksandrów Kujawski,https://pl.wikipedia.org//wiki/Powiat_aleksandrowski
2001,augustowski,20,BAU,"1658,27 ",58 068,Piotr Rusiecki,False,ul. 3 Maja 29 16-300 Augustów,https://pl.wikipedia.org//wiki/Powiat_augustowski
2801,bartoszycki,28,NBA,"1308,54 ",57 231,Jan Nadolny,False,ul. Grota Roweckiego 1 11-200 Bartoszyce,https://pl.wikipedia.org//wiki/Powiat_bartoszycki
1001,bełchatowski,10,EBE,"967,61 ",108 599,Jacek Zatorski,False,ul. Pabianicka 17/19 97-400 Bełchatów,https://pl.wikipedia.org//wiki/Powiat_be%C5%82chatowski
2401,będziński,24,SBE,"368,02 ",148 089,Sebastian Szaleniec,False,ul. Sączewskiego 6 42-500 Będzin,https://pl.wikipedia.org//wiki/Powiat_b%C4%99dzi%C5%84ski
0601,bialski,06,LBI,"2753,67 ",109 958,Mariusz Filipiuk,False,ul. Brzeska 41 21-500 Biała Podlaska,https://pl.wikipedia.org//wiki/Powiat_bialski
0661011,biała podlaska,06,LB,"49,4",54 926,Michał Litwiniuk,True,ul. Marszałka Józefa Piłsudskiego 3 21-500 Biała Podlaska,https://pl.wikipedia.org//wiki/Bia%C5%82a_Podlaska
1401,białobrzeski,14,WBR,"639,28 ",33 329,Sylwester Korgul,False,pl. Zygmunta Starego 9 26-800 Białobrzegi,https://pl.wikipedia.org//wiki/Powiat_bia%C5%82obrzeski
3201,białogardzki,32,ZBI,"845,46 ",47 560,Paweł Wiśniewski,False,plac Wolności 16-17 78-200 Białogard,https://pl.wikipedia.org//wiki/Powiat_bia%C5%82ogardzki
2002,białostocki,20,BIA,"2984,64 ",149 611,Jan Perkowski,False,ul. Borsucza 2 15-569 Białystok,https://pl.wikipedia.org//wiki/Powiat_bia%C5%82ostocki
2061011,białystok,20,BI,102,292 600,Tadeusz Truskolaski,True,ul. Słonimska 1 15-950 Białystok,https://pl.wikipedia.org//wiki/Bia%C5%82ystok
2402,bielski,24,SBI,"458,64 ",165 960,Andrzej Płonka,False,ul. Piastowska 40 43-300 Bielsko-Biała,https://pl.wikipedia.org//wiki/Powiat_bielski_(wojew%C3%B3dztwo_%C5%9Bl%C4%85skie)
2003,bielski,20,BBI,"1385,2 ",54 353,Sławomir Jerzy Snarski,False,ul. Mickiewicza 46 17-100 Bielsk Podlaski,https://pl.wikipedia.org//wiki/Powiat_bielski_(wojew%C3%B3dztwo_podlaskie)
2461011,bielsko-biała,24,SB,"124,51 ",166 765,Jarosław Klimaszewski,True,plac Ratuszowy 1 43-300 Bielsko-Biała,https://pl.wikipedia.org//wiki/Bielsko-Bia%C5%82a
2414,bieruńsko-lędziński,24,SBL,158 ,59 513,Bernard Bednorz,False,ul. św. Kingi 1 43-155 Bieruń,https://pl.wikipedia.org//wiki/Powiat_bieru%C5%84sko-l%C4%99dzi%C5%84ski
1801,bieszczadzki,18,RBI,"1138,17 ",20 702,Marek Andruch,False,Bełska 22 38-700 Ustrzyki Dolne,https://pl.wikipedia.org//wiki/Powiat_bieszczadzki
0602,biłgorajski,06,LBL,"1677,79 ",100 919,Andrzej Szarlip,False,ul. T. Kościuszki 87 23-400 Biłgoraj,https://pl.wikipedia.org//wiki/Powiat_bi%C5%82gorajski
1201,bocheński,12,"KBC, KBA","649,28 ",106 947,Adam Korta,False,ul. Kazimierza Wielkiego 31 32-700 Bochnia,https://pl.wikipedia.org//wiki/Powiat_boche%C5%84ski
0201,bolesławiecki,02,DBL,"1303,26 ",87 748,Tomasz Gabrysiak,False,"ul. Armii Krajowej 12, 59-700 Bolesławiec",https://pl.wikipedia.org//wiki/Powiat_boles%C5%82awiecki
2802,braniewski,28,NBR,"1204,54 ",41 034,Leszek Dziąg,False,pl. Piłsudskiego 2 14-500 Braniewo,https://pl.wikipedia.org//wiki/Powiat_braniewski
0402,brodnicki,04,CBR,"1038,79 ",79 023,Paweł Szramka,False,ul. Kamionka 18 87-300 Brodnica,https://pl.wikipedia.org//wiki/Powiat_brodnicki
1202,brzeski,12,KBR,590 ,93 035,Andrzej Potępa,False,ul. Głowackiego 51 32-800 Brzesko,https://pl.wikipedia.org//wiki/Powiat_brzeski_(wojew%C3%B3dztwo_ma%C5%82opolskie)
1601,brzeski,16,OB,"876,52 ",89 804,Jacek Monkiewicz,False,ul. Robotnicza 20 49-300 Brzeg (miasto),https://pl.wikipedia.org//wiki/Powiat_brzeski_(wojew%C3%B3dztwo_opolskie)
1021,brzeziński,10,EBR,"358,56 ",30 648,Bartłomiej Lipski,False,ul. Sienkiewicza 16 95-060 Brzeziny,https://pl.wikipedia.org//wiki/Powiat_brzezi%C5%84ski
1802,brzozowski,18,RBR,"540,39 ",65 567,Jacek Adamski,False,ul. Armii Krajowej 1 36-200 Brzozów,https://pl.wikipedia.org//wiki/Powiat_brzozowski
2601,buski,26,TBU,968 ,71 596,Jerzy Kolarz,False,ul. Mickiewicza 15 28-100 Busko-Zdrój,https://pl.wikipedia.org//wiki/Powiat_buski
0403,bydgoski,04,CBY,"1394,8 ",120 432,Piotr Kozłowski,False,ul. S. Konarskiego 1/3 85-066 Bydgoszcz,https://pl.wikipedia.org//wiki/Powiat_bydgoski
0461011,bydgoszcz,04,CB,175.98,328 370,Rafał Bruski,True,ul. Jezuicka 1 85-102 Bydgoszcz,https://pl.wikipedia.org//wiki/Bydgoszcz
2462011,bytom,24,SY,"69,5",149 576,Mariusz Wołosz,True,ul. Parkowa 2 41-902 Bytom,https://pl.wikipedia.org//wiki/Bytom
2201,bytowski,22,GBY,"2192,07 ",79 198,Leszek Waszkiewicz,False,ul. ks. dr. Bolesława Domańskiego 2 77-100 Bytów,https://pl.wikipedia.org//wiki/Powiat_bytowski
0662011,chełm,06,LC,"35,28",57 933,Jakub Banaszek,True,ul. Lubelska 65 22-100 Chełm,https://pl.wikipedia.org//wiki/Che%C5%82m
0404,chełmiński,04,CCH,"527,62 ",51 657,Zdzisław Gamański,False,,https://pl.wikipedia.org//wiki/Powiat_che%C5%82mi%C5%84ski
0603,chełmski,06,LCH,"1885,89 ",78 014,Piotr Deniszczuk,False,pl. Niepodległości 1 22-100 Chełm,https://pl.wikipedia.org//wiki/Powiat_che%C5%82mski
3001,chodzieski,30,PCH,"680,58 ",47 055,Adrian Urbański,False,ul. Wiosny Ludów 1 64-800 Chodzież,https://pl.wikipedia.org//wiki/Powiat_chodzieski
2202,chojnicki,22,GCH,1364 ,97 645,Marek Szczepański,False,ul. 31 Stycznia 56 89-600 Chojnice,https://pl.wikipedia.org//wiki/Powiat_chojnicki
2463011,chorzów,24,SH,33 ,103 229,Szymon Michałek,True,ul.Rynek1 41-500 Chorzów,https://pl.wikipedia.org//wiki/Chorz%C3%B3w
3202,choszczeński,32,ZCH,"1327,71 ",48 243,Wioletta Kaszak,False,ul. Nadbrzeżna 2 73-200 Choszczno,https://pl.wikipedia.org//wiki/Powiat_choszcze%C5%84ski
1203,chrzanowski,12,KCH,"371,6 ",123 664,Andrzej Uryga,False,ul. Partyzantów 2 32-500 Chrzanów,https://pl.wikipedia.org//wiki/Powiat_chrzanowski
1402,ciechanowski,14,WCI,"1062,62 ",88 891,Jan Andrzej Kaluszkiewicz,False,ul. 17 Stycznia 7 06-400 Ciechanów,https://pl.wikipedia.org//wiki/Powiat_ciechanowski
2403,cieszyński,24,"SCI, SCN","730,29 ",178 191,Mieczysław Szczurek,False,ul. Bobrecka 29 43-400 Cieszyn,https://pl.wikipedia.org//wiki/Powiat_cieszy%C5%84ski
3002,czarnkowsko-trzcianecki,30,PCT,"1808,19 ",86 990,Grzegorz Bogacz(od 2024),False,ul. Rybaki 3 64-700 Czarnków,https://pl.wikipedia.org//wiki/Powiat_czarnkowsko-trzcianecki
2464011,częstochowa,24,SC,"159,7",208 282,Krzysztof Matyjaszczyk,True,ul. Śląska 11/13 42-217 Częstochowa,https://pl.wikipedia.org//wiki/Cz%C4%99stochowa
2404,częstochowski,24,SCZ,"1519,49 ",132 009,Krzysztof Smela,False,ul. Jana Sobieskiego 9 42-200 Częstochowa,https://pl.wikipedia.org//wiki/Powiat_cz%C4%99stochowski
2203,człuchowski,22,GCZ,1575 ,56 085,Aleksander Gappa,False,ul. Wojska Polskiego 1 77-300 Człuchów,https://pl.wikipedia.org//wiki/Powiat_cz%C5%82uchowski
2465011,dąbrowa górnicza,24,SD,"188,73 ",115 955,Marcin Bazylak,True,ul. Graniczna 21 41-300 Dąbrowa Górnicza,https://pl.wikipedia.org//wiki/D%C4%85browa_G%C3%B3rnicza
1204,dąbrowski,12,KDA,530 ,58 977,Lesław Wieczorek,False,ul. Berka Joselewicza 5 33-200 Dąbrowa Tarnowska,https://pl.wikipedia.org//wiki/Powiat_d%C4%85browski
1803,dębicki,18,RDE,"776,36 ",135 299,Piotr Chęciek,False,ul. Parkowa 28 39-200 Dębica,https://pl.wikipedia.org//wiki/Powiat_d%C4%99bicki
3203,drawski,32,ZDR,"1764,25 ",57 015,Jacek Kozłowski(od 2024),False,pl. Elizy Orzeszkowej 3 78-500 Drawsko Pomorskie,https://pl.wikipedia.org//wiki/Powiat_drawski
2803,działdowski,28,NDZ,"953,18 ",65 139,Paweł Cieśliński,False,ul. Kościuszki 3 13-200 Działdowo,https://pl.wikipedia.org//wiki/Powiat_dzia%C5%82dowski
0202,dzierżoniowski,02,DDZ,"478,34 ",95 255,Grzegorz Kosowski,False,Rynek 27 58-200 Dzierżoniów,https://pl.wikipedia.org//wiki/Powiat_dzier%C5%BConiowski
2861011,elbląg,28,NE,"79,82",113 567,Michał Missan,True,ul. Łączności 1 82-300 Elbląg,https://pl.wikipedia.org//wiki/Elbl%C4%85g
2804,elbląski,28,NEB,"1430,55 ",57 211,Maciej Romanowski,False,ul. Saperów 14a 82-300 Elbląg,https://pl.wikipedia.org//wiki/Powiat_elbl%C4%85ski
2805,ełcki,28,NEL,"1111,87 ",91 560,Marek Chojnowski,False,ul. Piłsudskiego 4 19-300 Ełk,https://pl.wikipedia.org//wiki/Powiat_e%C5%82cki
1403,garwoliński,14,WG,"1284,29 ",108 634,Iwona Kurowska,False,ul. Mazowiecka 26 08-400 Garwolin,https://pl.wikipedia.org//wiki/Powiat_garwoli%C5%84ski
2261011,gdańsk,22,GD,683,486 492,Aleksandra Dulkiewicz,True,ul. Nowe Ogrody 8/12 80-803 Gdańsk,https://pl.wikipedia.org//wiki/Gda%C5%84sk
2204,gdański,22,GDA,794 ,118 489,Jarosław Karnath (od 2024),False,ul. Wojska Polskiego 16 83-000 Pruszcz Gdański,https://pl.wikipedia.org//wiki/Powiat_gda%C5%84ski
2262011,gdynia,22,"GA, XA","391,51",242 141,Aleksandra Kosiorek,True,,https://pl.wikipedia.org//wiki/Gdynia
2806,giżycki,28,NGI,"1118,74 ",56 565,Mirosław Dariusz Drzażdżewski,False,al. 1 Maja 14 11-500 Giżycko,https://pl.wikipedia.org//wiki/Powiat_gi%C5%BCycki
2466011,gliwice,24,SG,134,171 023,Katarzyna Kuczyńska-Budka,True,ul. Zwycięstwa21 44-100 Gliwice,https://pl.wikipedia.org//wiki/Gliwice
2405,gliwicki,24,SGL,"664,37 ",115 528,Dawid Rams,False,ul. Zygmunta Starego 17 44-100 Gliwice,https://pl.wikipedia.org//wiki/Powiat_gliwicki
0203,głogowski,02,DGL,"443,06 ",85 386,Jarosław Dudkowiak,False,ul. Sikorskiego 21 67-200 Głogów,https://pl.wikipedia.org//wiki/Powiat_g%C5%82ogowski
1602,głubczycki,16,OGL,"673,1 ",45 552,Piotr Soczyński,False,Starostwo Powiatowe w Głubczycach ul. Kochanowskiego 15 48-100 Głubczyce,https://pl.wikipedia.org//wiki/Powiat_g%C5%82ubczycki
3003,gnieźnieński,30,PGN,"1254,34 ",145 418,Tomasz Budasz,False,ul. Jana Pawła II 9/10 62-200 Gniezno,https://pl.wikipedia.org//wiki/Powiat_gnie%C5%BAnie%C5%84ski
3204,goleniowski,32,ZGL,"1615,53 ",82 421,Tomasz Stanisławski,False,ul. Dworcowa 1 72-100 Goleniów,https://pl.wikipedia.org//wiki/Powiat_goleniowski
0405,golubsko-dobrzyński,04,CGD,613 ,44 855,Jacek Foksiński,False,Plac Tysiąclecia 25 87-400 Golub-Dobrzyń,https://pl.wikipedia.org//wiki/Powiat_golubsko-dobrzy%C5%84ski
2818,gołdapski,28,NGO,"771,93 ",26 689,Krzysztof Kazaniecki,False,ul. Krótka 1 19-500 Gołdap,https://pl.wikipedia.org//wiki/Powiat_go%C5%82dapski
1205,gorlicki,12,KGR,"966,46",108 487,Maria Gubała,False,ul. Biecka 3 38-300 Gorlice,https://pl.wikipedia.org//wiki/Powiat_gorlicki
0801,gorzowski,08,FGW,"1213,32 ",72 291,Krzysztof Karwatowicz,False,ul. J. Pankiewicza 5-7 66-400 Gorzów Wielkopolski,https://pl.wikipedia.org//wiki/Powiat_gorzowski
0861011,gorzów wielkopolski,08,FG,"85,72",115 847,Jacek Wójcicki,True,ul. Sikorskiego 3-4 66-400 Gorzów Wielkopolski,https://pl.wikipedia.org//wiki/Gorz%C3%B3w_Wielkopolski
1404,gostyniński,14,WGS,"615,56 ",44 581,Andrzej Krzewicki,False,ul. Dmowskiego 13 09-500 Gostynin,https://pl.wikipedia.org//wiki/Powiat_gostyni%C5%84ski
3004,gostyński,30,PGS,"810,34 ",75 908,Robert Marcinkowski,False,ul. Wrocławska 256 63-800 Gostyń,https://pl.wikipedia.org//wiki/Powiat_gosty%C5%84ski
0204,górowski,02,DGR,"738,11 ",32 558,Urszula Szmydyńska,False,ul. Mickiewicza 1 56-200 Góra,https://pl.wikipedia.org//wiki/Powiat_g%C3%B3rowski
2004,grajewski,20,BGR,"967,24 ",47 210,Waldemar Remfeld,False,ul. Strażacka 6B 19-200 Grajewo,https://pl.wikipedia.org//wiki/Powiat_grajewski
1405,grodziski,14,WGM,367 ,97 462,Marek Wieżbicki,False,ul. Daleka 11a 05-825 Grodzisk Mazowiecki,https://pl.wikipedia.org//wiki/Powiat_grodziski_(wojew%C3%B3dztwo_mazowieckie)
3005,grodziski,30,PGO,"643,72 ",51 893,Mariusz Zgaiński,False,ul. Żwirki i Wigury 1 62-065 Grodzisk Wielkopolski,https://pl.wikipedia.org//wiki/Powiat_grodziski_(wojew%C3%B3dztwo_wielkopolskie)
1406,grójecki,14,WGR,"1268,82 ",97 979,Krzysztof Ambroziak,False,ul. Piłsudskiego 59 05-600 Grójec,https://pl.wikipedia.org//wiki/Powiat_gr%C3%B3jecki
0462011,grudziądz,04,CG,"57,8 ",89 081,Maciej Glamowski,True,ul. Ratuszowa 1 86-300 Grudziądz,https://pl.wikipedia.org//wiki/Grudzi%C4%85dz
0406,grudziądzki,04,CGR,"728,39 ",40 202,Adam Olejnik (2018),False,ul. Małomłyńska 1 86-300 Grudziądz,https://pl.wikipedia.org//wiki/Powiat_grudzi%C4%85dzki
3205,gryficki,32,ZGY,"1017,37 ",60 277,Ryszard Chmielowicz,False,pl. Zwycięstwa 39 72-300 Gryfice,https://pl.wikipedia.org//wiki/Powiat_gryficki
3206,gryfiński,32,ZGR,"1869,11 ",77 288,Ewa Dudar,False,ul. Sprzymierzonych 4 74-100 Gryfino,https://pl.wikipedia.org//wiki/Powiat_gryfi%C5%84ski
2005,hajnowski,20,BHA,"1623,65 ",39 427,Andrzej Skiepko,False,ul. A. Zina 1 17-200 Hajnówka,https://pl.wikipedia.org//wiki/Powiat_hajnowski
0604,hrubieszowski,06,LHR,"1269,45 ",62 009,Józef Kuropatwa(od 2023),False,ul. Narutowicza 34 22-500 Hrubieszów,https://pl.wikipedia.org//wiki/Powiat_hrubieszowski
2807,iławski,28,NIL,1385 ,92 879,Bartosz Bielawski,False,ul. gen. Wł. Andersa 2a 14-200 Iława,https://pl.wikipedia.org//wiki/Powiat_i%C5%82awski
0407,inowrocławski,04,CIN,"1224,94 ",159 814,Wiesława Pawłowska,False,ul. Mątewska 17 88-100 Inowrocław,https://pl.wikipedia.org//wiki/Powiat_inowroc%C5%82awski
0605,janowski,06,LJA,"875,34 ",45 142,Artur Pizoń,False,ul. J. Zamoyskiego 59 23-300 Janów Lubelski,https://pl.wikipedia.org//wiki/Powiat_janowski
3006,jarociński,30,PJA,"587,7 ",71 563,Lidia Czechak,False,al. Niepodległości 10/12 63-200 Jarocin,https://pl.wikipedia.org//wiki/Powiat_jaroci%C5%84ski
1804,jarosławski,18,RJA,"1029,15 ",120 247,Kamil Dziukiewicz,False,ul. Jana Pawła II 17 37-500 Jarosław,https://pl.wikipedia.org//wiki/Powiat_jaros%C5%82awski
1805,jasielski,18,RJS,831 ,113 450,Adam Pawluś,False,Rynek 18 38-200 Jasło,https://pl.wikipedia.org//wiki/Powiat_jasielski
2467011,jastrzębie-zdrój,24,SJZ,"85,33 ",82 788,Michał Urgoł,True,al. Józefa Piłsudskiego 60 44-335 Jastrzębie-Zdrój,https://pl.wikipedia.org//wiki/Jastrz%C4%99bie-Zdr%C3%B3j
0205,jaworski,02,DJA,"581,25 ",47 363,Michał Bander,False,ul. Wrocławska 26 59-400 Jawor (miasto),https://pl.wikipedia.org//wiki/Powiat_jaworski
2468011,jaworzno,24,SJ,"152,7 ",88 267,Paweł Silbert,True,ul. Grunwaldzka 33 43-600 Jaworzno,https://pl.wikipedia.org//wiki/Jaworzno
0261011,jelenia góra,02,DJ,"109,3 ",75 429,Jerzy Łużniak,True,plac Ratuszowy 58 58-500 Jelenia Góra,https://pl.wikipedia.org//wiki/Jelenia_G%C3%B3ra
2602,jędrzejowski,26,TJE,"1256,96 ",85 379,Paweł Faryna,False,ul. 11 Listopada 83 28-300 Jędrzejów,https://pl.wikipedia.org//wiki/Powiat_j%C4%99drzejowski
3007,kaliski,30,PKA,"1159,99 ",83 026,Jan Adam Kłysz,False,pl. św. Józefa 5 62-800 Kalisz,https://pl.wikipedia.org//wiki/Powiat_kaliski
3061011,kalisz,30,"PK, PA, MK, MA","69,42 ",93 137,Krystian Kinastowski,True,Główny Rynek 20 62-800 Kalisz,https://pl.wikipedia.org//wiki/Kalisz
0207,kamiennogórski,02,DKA,396,40 550,Jarosław Gęborys,False,ul. Władysława Broniewskiego 15 58-400 Kamienna Góra,https://pl.wikipedia.org//wiki/Powiat_kamiennog%C3%B3rski
3207,kamieński,32,ZKA,"1006,65 ",44 316,Józef Malec,False,ul. Wolińska 7B 72-400 Kamień Pomorski,https://pl.wikipedia.org//wiki/Powiat_kamie%C5%84ski
0206,karkonoski,02,DJE,"628,21 ",60 744,Krzysztof Wiśniewski,False,ul. Kochanowskiego 10 58-500 Jelenia Góra,https://pl.wikipedia.org//wiki/Powiat_karkonoski
2205,kartuski,22,"GKA, GKY",1121 ,139 397,Bogdan Łapa,False,ul. Dworcowa 1 83-300 Kartuzy,https://pl.wikipedia.org//wiki/Powiat_kartuski
2469011,katowice,24,"SK, IK","164,73 ","280 1901 700,9 os./km²",Marcin Krupa,True,ul. Młyńska4 40-098 Katowice,https://pl.wikipedia.org//wiki/Katowice
2603,kazimierski,26,TKA,"422,18 ",33 619,Jan Nowak,False,ul. Kościuszki 12 28-500 Kazimierza Wielka,https://pl.wikipedia.org//wiki/Powiat_kazimierski
1603,kędzierzyńsko-kozielski,16,OK,"625,28 ",93 880,Artur Maruszczak,False,Plac Wolności 13 47-220 Kędzierzyn-Koźle,https://pl.wikipedia.org//wiki/Powiat_k%C4%99dzierzy%C5%84sko-kozielski
3008,kępiński,30,PKE,"608,39 ",56 451,Robert Kieruzal,False,ul. Kościuszki 5 63-600 Kępno,https://pl.wikipedia.org//wiki/Powiat_k%C4%99pi%C5%84ski
2808,kętrzyński,28,NKE,"1212,97 ",62 283,Michał Kochanowski,False,pl. Grunwaldzki 1 11-400 Kętrzyn,https://pl.wikipedia.org//wiki/Powiat_k%C4%99trzy%C5%84ski
2661011,kielce,26,TK,110,180 289,Agata Wojda,True,Rynek 1 25-303 Kielce,https://pl.wikipedia.org//wiki/Kielce
2604,kielecki,26,TKI,"2246,07 ",211 259,Tomasz Pleban,False,ul. Wrzosowa 44 25-211 Kielce,https://pl.wikipedia.org//wiki/Powiat_kielecki
1604,kluczborski,16,OKL,"851,59 ",65 470,Mirosław Birecki,False,ul. Katowicka 1 46-200 Kluczbork,https://pl.wikipedia.org//wiki/Powiat_kluczborski
2406,kłobucki,24,SKL,889,84 591,Dariusz Pilśniak,False,Rynek im. Jana Pawła II 13 42-100 Kłobuck,https://pl.wikipedia.org//wiki/Powiat_k%C5%82obucki
0208,kłodzki,02,DKL,"1643,37 ",147 823,Małgorzata Jędrzejewska-Skrzypczyk,False,ul. Okrzei 1 57-300 Kłodzko,https://pl.wikipedia.org//wiki/Powiat_k%C5%82odzki
1806,kolbuszowski,18,RKL,"773,93 ",62 246,Józef Kardyś,False,ul. 11 Listopada 10 36-100 Kolbuszowa,https://pl.wikipedia.org//wiki/Powiat_kolbuszowski
2006,kolneński,20,BKL,"939,73 ",38 057,Tadeusz Klama,False,ul. 11 Listopada 1 18-500 Kolno,https://pl.wikipedia.org//wiki/Powiat_kolne%C5%84ski
3009,kolski,30,PKL,"1011,03 ",86 727,Robert Kropidłowski,False,ul. Sienkiewicza 21/23 62-600 Koło,https://pl.wikipedia.org//wiki/Powiat_kolski
3208,kołobrzeski,32,ZKL,"724,66 ",76 975,Mirosław Tessikowski,False,pl. Ratuszowy 1 78-100 Kołobrzeg,https://pl.wikipedia.org//wiki/Powiat_ko%C5%82obrzeski
2605,konecki,26,TKN,1140 ,75 398,Grzegorz Piec,False,ul. Stanisława Staszica 2 26-200 Końskie,https://pl.wikipedia.org//wiki/Powiat_konecki
3062011,konin,30,"PKO, PN","82,2 ",68 483,Piotr Korytkowski,True,pl. Wolności 1 62-500 Konin,https://pl.wikipedia.org//wiki/Konin
3010,koniński,30,PKN,1578 ,130 053,Katarzyna Fryza,False,Al. 1 Maja 9 62-510 Konin,https://pl.wikipedia.org//wiki/Powiat_koni%C5%84ski
3261011,koszalin,32,ZK,"105,5",105 905,Tomasz Sobieraj,True,Rynek Staromiejski6-7 75-007 Koszalin,https://pl.wikipedia.org//wiki/Koszalin
3209,koszaliński,32,ZKO,"1653,4 ",64 424,Tomasz Tesmer(od 2024),False,ul. Racławicka 13 75-620 Koszalin,https://pl.wikipedia.org//wiki/Powiat_koszali%C5%84ski
3011,kościański,30,PKS,"722,53 ",79 183,Henryk Bartoszewski,False,al. Kościuszki 22 64-000 Kościan,https://pl.wikipedia.org//wiki/Powiat_ko%C5%9Bcia%C5%84ski
2206,kościerski,22,GKS,1166 ,72 688,Grzegorz Zabrocki,False,ul. 3 Maja 9c 83-400 Kościerzyna,https://pl.wikipedia.org//wiki/Powiat_ko%C5%9Bcierski
1407,kozienicki,14,WKZ,"916,96 ",59 592,Krzysztof Wolski,False,ul. Kochanowskiego 28 26-900 Kozienice,https://pl.wikipedia.org//wiki/Powiat_kozienicki
1206,krakowski,12,"KRA, KRK","1229,62 ",301 357,Elżbieta Burtan,False,al. Słowackiego 20 30-037Kraków,https://pl.wikipedia.org//wiki/Powiat_krakowski
1261011,kraków,12,"KR, KK","326,85",806 200,Aleksander Miszalski,True,plac Wszystkich Świętych 3-4 31-004 Kraków,https://pl.wikipedia.org//wiki/Krak%C3%B3w
1605,krapkowicki,16,OKR,"442,35 ",63 747,Maciej Sonik,False,ul. Kilińskiego 1 47-303 Krapkowice,https://pl.wikipedia.org//wiki/Powiat_krapkowicki
0606,krasnostawski,06,LKS,"1067,18 ",62 552,Janusz Szpak,False,ul. Sobieskiego 3 22-300 Krasnystaw,https://pl.wikipedia.org//wiki/Powiat_krasnostawski
0607,kraśnicki,06,LKR,"1005,34 ",93 383,Zbigniew Dżugaj,False,ul. Aleja Niepodległości 20 23-210 Kraśnik,https://pl.wikipedia.org//wiki/Powiat_kra%C5%9Bnicki
1861011,krosno,18,"RK, YK","44,72 ",44 322,Piotr Przytocki,True,"ul. Lwowska 28a, ul. Staszica 2 38-400 Krosno",https://pl.wikipedia.org//wiki/Krosno
1807,krośnieński,18,"RKR, YKR","923,79 ",108 922,Jan Pelczar,False,,https://pl.wikipedia.org//wiki/Powiat_kro%C5%9Bnie%C5%84ski_(wojew%C3%B3dztwo_podkarpackie)
0802,krośnieński,08,FKR,1391 ,54 598,Grzegorz Garczyński,False,ul. Piastów 10b 66-600 Krosno Odrzańskie,https://pl.wikipedia.org//wiki/Powiat_kro%C5%9Bnie%C5%84ski_(wojew%C3%B3dztwo_lubuskie)
3012,krotoszyński,30,PKR,"714,23 ",77 274,Stanisław Szczotka,False,ul. 56 Pułku Piechoty Wlkp.10 63-700 Krotoszyn,https://pl.wikipedia.org//wiki/Powiat_krotoszy%C5%84ski
1002,kutnowski,10,EKU,"886,86 ",95 516,Daniel Kowalik,False,ul. Kościuszki 16 99-300 Kutno,https://pl.wikipedia.org//wiki/Powiat_kutnowski
2207,kwidzyński,22,GKW,835 ,83 174,Tomasz Frejnagiel,False,ul. Kościuszki 29b 82-500 Kwidzyn,https://pl.wikipedia.org//wiki/Powiat_kwidzy%C5%84ski
1408,legionowski,14,WL,"389,86 ",119 882,Roman Smogorzewski,False,ul. gen. Wł. Sikorskiego 11 05-119 Legionowo,https://pl.wikipedia.org//wiki/Powiat_legionowski
0262011,legnica,02,DL,"56,29 ",92 568,Maciej Kupaj,True,pl. Słowiański 8 59-220 Legnica,https://pl.wikipedia.org//wiki/Legnica
0209,legnicki,02,DLE,"744,6 ",54 990,Adam Babuśka,False,pl. Słowiański 1 59-220 Legnica,https://pl.wikipedia.org//wiki/Powiat_legnicki
1821,leski,18,RLS,"834,94 ",26 441,Wojciech Stelmach,False,Rynek 1 38-600 Lesko,https://pl.wikipedia.org//wiki/Powiat_leski
3013,leszczyński,30,PLE,"804,65 ",57 201,Jarosław Wawrzyniak,False,pl. Kościuszki 4b 64-100 Leszno,https://pl.wikipedia.org//wiki/Powiat_leszczy%C5%84ski
3063011,leszno,30,PL,"31,9",58 318,Grzegorz Rusiecki,True,ul. Karasia 15 64-100 Leszno,https://pl.wikipedia.org//wiki/Leszno
1808,leżajski,18,RLE,"583,01 ",69 370,Marek Śliż,False,ul. Kopernika 8 37-300 Leżajsk,https://pl.wikipedia.org//wiki/Powiat_le%C5%BCajski
2208,lęborski,22,GLE,707 ,63 793,Alicja Zajączkowska,False,ul. Czołgistów 5 84-300 Lębork,https://pl.wikipedia.org//wiki/Powiat_l%C4%99borski
2809,lidzbarski,28,NLI,"924,42 ",41 180,Jan Harhaj,False,ul. Wyszyńskiego 37 11-100 Lidzbark Warmiński,https://pl.wikipedia.org//wiki/Powiat_lidzbarski
1207,limanowski,12,KLI,"951,96 ",131 764,Mieczysław Uryga,False,ul. Józefa Marka 9 34-600 Limanowa,https://pl.wikipedia.org//wiki/Powiat_limanowski
0408,lipnowski,04,CLI,"1015,6 ",65 450,Krzysztof Baranowski,False,ul. Sierakowskiego 10b 87-600 Lipno,https://pl.wikipedia.org//wiki/Powiat_lipnowski
1409,lipski,14,WLI,"747,58 ",33 598,Sławomir Robert Śmieciuch,False,Rynek 1 27-300 Lipsko,https://pl.wikipedia.org//wiki/Powiat_lipski
1809,lubaczowski,18,RLU,"1308,37 ",52 756,Barbara Broź,False,ul. Jasna 1 37-600 Lubaczów,https://pl.wikipedia.org//wiki/Powiat_lubaczowski
0210,lubański,02,DLB,"428,3 ",51 642,Walery Czarnecki(2007),False,ul. Adama Mickiewicza 2 59-800 Lubań,https://pl.wikipedia.org//wiki/Powiat_luba%C5%84ski
0608,lubartowski,06,LLB,"1290,35 ",87 850,Tomasz Marzęda,False,ul. Słowackiego 8 21-100 Lubartów,https://pl.wikipedia.org//wiki/Powiat_lubartowski
0609,lubelski,06,LUB,"1678,9 ",156 493,Sylwia Pisarek-Piotrowska,False,ul. Spokojna 9 20-074 Lublin,https://pl.wikipedia.org//wiki/Powiat_lubelski
0211,lubiński,02,DLU,"711,99 ",105 339,Paweł Kleszcz,False,ul. Jana Kilińskiego 12b 59-300 Lubin,https://pl.wikipedia.org//wiki/Powiat_lubi%C5%84ski
0663011,lublin,06,LU,"147,45",331 243,Krzysztof Żuk,True,plac Łokietka 1 20-109 Lublin,https://pl.wikipedia.org//wiki/Lublin
2407,lubliniecki,24,SLU,"822,25 ",76 451,Joachim Smyła,False,ul. Paderewskiego 7 42-700 Lubliniec,https://pl.wikipedia.org//wiki/Powiat_lubliniecki
0212,lwówecki,02,DLW,"709,94 ",45 040,Daniel Koko,False,ul. Szpitalna 4 59-600 Lwówek Śląski,https://pl.wikipedia.org//wiki/Powiat_lw%C3%B3wecki
1810,łańcucki,18,RLA,452,81 049,Adam Krzysztoń,False,ul. Mickiewicza 2 37-100 Łańcut,https://pl.wikipedia.org//wiki/Powiat_%C5%82a%C5%84cucki
1003,łaski,10,ELA,"618,23 ",49 736,Piotr Wołosz,False,ul. Południowa 1 98-100 Łask,https://pl.wikipedia.org//wiki/Powiat_%C5%82aski
1004,łęczycki,10,ELE,"772,75 ",49 286,Janusz Mielczarek,False,pl. Kościuszki 1 99-100 Łęczyca,https://pl.wikipedia.org//wiki/Powiat_%C5%82%C4%99czycki
0610,łęczyński,06,LLE,"633,75 ",57 218,Daniel Słowik,False,al. Jana Pawła II 95a 21-010 Łęczna,https://pl.wikipedia.org//wiki/Powiat_%C5%82%C4%99czy%C5%84ski
3218,łobeski,32,ZLO,"1065,13 ",33 612,Renata Kulik,False,ul. M. Konopnickiej 41 73-150 Łobez,https://pl.wikipedia.org//wiki/Powiat_%C5%82obeski
2062011,łomża,20,BL,33 ,60 128,Mariusz Chrzanowski,True,ul. Stary Rynek 14 18-400 Łomża,https://pl.wikipedia.org//wiki/%C5%81om%C5%BCa
2007,łomżyński,20,BLM,"1353,93 ",50 943,Lech Marek Szabłowski,False,ul. Szosa Zambrowska 1/27 18-400 Łomża,https://pl.wikipedia.org//wiki/Powiat_%C5%82om%C5%BCy%C5%84ski
1410,łosicki,14,WLS,"771,77 ",30 556,Bożena Niedzielak,False,ul. Narutowicza 6 08-200 Łosice,https://pl.wikipedia.org//wiki/Powiat_%C5%82osicki
1005,łowicki,10,ELC,"988,17 ",77 614,Marcin Kosiorek,False,ul. Stanisławskiego 30 99-400 Łowicz,https://pl.wikipedia.org//wiki/Powiat_%C5%82owicki
1006,łódzki wschodni,10,ELW,"499,76 ",74 361,Mateusz Karwowski,False,,https://pl.wikipedia.org//wiki/Powiat_%C5%82%C3%B3dzki_wschodni
1061011,łódź,10,"EL, ED","293,25",652 015,Hanna Zdanowska,True,ul. Piotrkowska 10490-926 Łódź,https://pl.wikipedia.org//wiki/%C5%81%C3%B3d%C5%BA
0611,łukowski,06,LLU,"1394,09 ",106 816,Dariusz Szustek,False,ul. Piłsudskiego 17 21-400 Łuków,https://pl.wikipedia.org//wiki/Powiat_%C5%82ukowski
1411,makowski,14,WMA,"1064,56 ",44 438,Mirosław Augustyniak,False,Rynek 1 06-200 Maków Mazowiecki,https://pl.wikipedia.org//wiki/Powiat_makowski
2209,malborski,22,GMB,"494,23 ",63 470,Piotr Szwedowski,False,pl. Słowiański 17 82-200 Malbork,https://pl.wikipedia.org//wiki/Powiat_malborski
1208,miechowski,12,KMI,"676,73 ",48 464,Krzysztof Świerczek,False,ul. Racławicka 12 32-200 Miechów,https://pl.wikipedia.org//wiki/Powiat_miechowski
1811,mielecki,18,RMI,"880,21 ",136 660,Kazimierz Gacek,False,ul. Wyspiańskiego 6 39-300 Mielec,https://pl.wikipedia.org//wiki/Powiat_mielecki
3014,międzychodzki,30,PMI,"736,44 ",36 751,Rafał Litke,False,ul. 17 Stycznia 143 64-400 Międzychód,https://pl.wikipedia.org//wiki/Powiat_mi%C4%99dzychodzki
0803,międzyrzecki,08,FMI,"1387,59 ",55 357,Bogusław Zaborowski,False,ul. Przemysłowa 2 66–300 Międzyrzecz,https://pl.wikipedia.org//wiki/Powiat_mi%C4%99dzyrzecki
2408,mikołowski,24,SMI,"233,06 ",98 990,Mirosław Duży,False,ul. Żwirki i Wigury 4A 43-190 Mikołów,https://pl.wikipedia.org//wiki/Powiat_miko%C5%82owski
0213,milicki,02,DMI,"715,01 ",36 800,Sławomir Strzelecki,False,ul. Wojska Polskiego 38 56-300 Milicz,https://pl.wikipedia.org//wiki/Powiat_milicki
1412,miński,14,WM; WY...YY,"1163,72 ",159 034,Remigiusz Górniak,False,ul. Kościuszki 3 05-300 Mińsk Mazowiecki,https://pl.wikipedia.org//wiki/Powiat_mi%C5%84ski
1413,mławski,14,WML,"1182,3 ",72 269,Witold Okumski,False,ul. Reymonta 6 06-500 Mława,https://pl.wikipedia.org//wiki/Powiat_m%C5%82awski
0409,mogileński,04,CMG,"675,86 ",45 482,Tomasz Krzesiński,False,ul. Narutowicza 1 88-300 Mogilno,https://pl.wikipedia.org//wiki/Powiat_mogile%C5%84ski
2008,moniecki,20,BMN,"1385,39 ",40 412,Błażej Buńkowski,False,ul. Słowackiego 5a 19-100 Mońki,https://pl.wikipedia.org//wiki/Powiat_moniecki
2810,mrągowski,28,NMR,"1065,23 ",49 762,Waldemar Cybul,False,ul. Królewiecka 60a 11-700 Mrągowo,https://pl.wikipedia.org//wiki/Powiat_mr%C4%85gowski
2470011,mysłowice,24,SM,"65,6",72 124,Dariusz Wójtowicz,True,ul. Powstańców1 41-400 Mysłowice,https://pl.wikipedia.org//wiki/Mys%C5%82owice
2409,myszkowski,24,SMY,"478,62 ",70 880,Piotr Kołodziejczyk,False,ul. Pułaskiego 6 42-300 Myszków,https://pl.wikipedia.org//wiki/Powiat_myszkowski
1209,myślenicki,12,KMY,"673,3 ",127 972,Józef Tomal,False,ul. M. Reja 13 32-400 Myślenice,https://pl.wikipedia.org//wiki/Powiat_my%C5%9Blenicki
3210,myśliborski,32,ZMY,"1182,4 ",62 422,Andrzej Potyra,False,ul. Spokojna 13 74-300 Myślibórz,https://pl.wikipedia.org//wiki/Powiat_my%C5%9Bliborski
0410,nakielski,04,CNA,"1120,48 ",86 119,Tadeusz Sobol,False,ul. Dąbrowskiego 54 89-100 Nakło nad Notecią,https://pl.wikipedia.org//wiki/Powiat_nakielski
1606,namysłowski,16,ONA,"747,67 ",42 634,Jolanta Wilczyńska,False,Plac Wolności 12A 46-100 Namysłów,https://pl.wikipedia.org//wiki/Powiat_namys%C5%82owski
2811,nidzicki,28,NNI,"960,7 ",32 857,Paweł Przybyłek,False,ul. Traugutta 23 13-100 Nidzica,https://pl.wikipedia.org//wiki/Powiat_nidzicki
1812,niżański,18,RNI,"785,58 ",65 687,Robert Bednarz,False,plac Wolności 2 37-400 Nisko,https://pl.wikipedia.org//wiki/Powiat_ni%C5%BCa%C5%84ski
2210,nowodworski,22,GND,"671,53 ",35 580,Barbara Ogrodowska,False,ul. Sikorskiego 23 82-100 Nowy Dwór Gdański,https://pl.wikipedia.org//wiki/Powiat_nowodworski_(wojew%C3%B3dztwo_pomorskie)
1414,nowodworski,14,WND,"691,65 ",79 265,Magdalena Biernacka,False,ul. Paderewskiego 1b 05-100 Nowy Dwór Mazowiecki,https://pl.wikipedia.org//wiki/Powiat_nowodworski_(wojew%C3%B3dztwo_mazowieckie)
2812,nowomiejski,28,NNM,"695,01 ",43 822,Andrzej Ochlak,False,Rynek 1 13-300 Nowe Miasto Lubawskie,https://pl.wikipedia.org//wiki/Powiat_nowomiejski
1210,nowosądecki,12,KNS,"1550,24 ",217 071,Tadeusz Zaremba,False,ul. Jagiellońska 33 33-300 Nowy Sącz,https://pl.wikipedia.org//wiki/Powiat_nowos%C4%85decki
0804,nowosolski,08,FNW,"770,73 ",85 733,Iwona Brzozowska,False,ul. Moniuszki 3b 67–100 Nowa Sól,https://pl.wikipedia.org//wiki/Powiat_nowosolski
1211,nowotarski,12,KNT,"1474,66 ",191 646,Krzysztof Faber,False,ul. Bolesława Wstydliwego 14 34-400 Nowy Targ,https://pl.wikipedia.org//wiki/Powiat_nowotarski
3015,nowotomyski,30,PNT,"1011,67 ",75 543,Andrzej Wilkoński,False,ul. Poznańska 33 64-300 Nowy Tomyśl,https://pl.wikipedia.org//wiki/Powiat_nowotomyski
1262011,nowy sącz,12,KN,"57,6 ",80 756,Ludomir Handzel,True,Rynek 1 33-300 Nowy Sącz,https://pl.wikipedia.org//wiki/Nowy_S%C4%85cz
1607,nyski,16,ONY,"1223,87 ",135 948,Andrzej Kruczkiewicz,False,ul. Piastowska 33 48-300 Nysa,https://pl.wikipedia.org//wiki/Powiat_nyski
3016,obornicki,30,POB,"712,65 ",59 825,Zofia Kotecka,False,ul. 11 Listopada 2a 64-600 Oborniki,https://pl.wikipedia.org//wiki/Powiat_obornicki
2813,olecki,28,NOE,"873,83 ",34 148,Marzanna Pojawa-Grajewska,False,ul. Kolejowa 32 19-400 Olecko,https://pl.wikipedia.org//wiki/Powiat_olecki
1608,oleski,16,OOL,"973,62 ",64 293,Roland Fabianek,False,ul. Pieloka 21 46-300 Olesno,https://pl.wikipedia.org//wiki/Powiat_oleski
0214,oleśnicki,02,DOL,"1049,74 ",107 268,Wioletta Efinowicz,False,ul. Słowackiego 10 56-400 Oleśnica,https://pl.wikipedia.org//wiki/Powiat_ole%C5%9Bnicki
1212,olkuski,12,KOL,"622,19 ",110 741,Bogumił Sobczyk,False,ul. Mickiewicza 2 32-300 Olkusz,https://pl.wikipedia.org//wiki/Powiat_olkuski
2862011,olsztyn,28,NO,"88,33",168 212,Robert Szewczyk,True,pl. Jana Pawła II 1 10-101 Olsztyn,https://pl.wikipedia.org//wiki/Olsztyn
2814,olsztyński,28,NOL,"2838,02 ",126 781,Andrzej Abako,False,pl. Józefa Bema 5 10-516 Olsztyn,https://pl.wikipedia.org//wiki/Powiat_olszty%C5%84ski
0215,oławski,02,DOA,"523,73 ",76 733,Marek Szponar,False,ul. 3 Maja 1 55-200 Oława,https://pl.wikipedia.org//wiki/Powiat_o%C5%82awski
2606,opatowski,26,TOP,"910,87 ",51 149,Tomasz Staniek,False,ul. Sienkiewicza 17 27-500 Opatów,https://pl.wikipedia.org//wiki/Powiat_opatowski
1007,opoczyński,10,EOP,"1040,19 ",75 524,Marcin Baranowski,False,ul. Kwiatowa 1a 26-300 Opoczno,https://pl.wikipedia.org//wiki/Powiat_opoczy%C5%84ski
1661011,opole,16,OP,149,126 755,Arkadiusz Wiśniewski,True,,https://pl.wikipedia.org//wiki/Opole
0612,opolski,06,LOP,"804,14 ",50 076,Dariusz Piotrowski,False,ul. Lubelska 4 24-300 Opole Lubelskie,https://pl.wikipedia.org//wiki/Powiat_opolski_(wojew%C3%B3dztwo_lubelskie)
1609,opolski,16,OPO,"1534,38 ",123 726,Henryk Lakwa,False,ul. 1 Maja 29 45-068 Opole,https://pl.wikipedia.org//wiki/Powiat_opolski_(wojew%C3%B3dztwo_opolskie)
1415,ostrołęcki,14,WOS,"2094,49 ",88 497,Stanisław Kubeł,False,plac gen. Józefa Bema 5 07-400 Ostrołęka,https://pl.wikipedia.org//wiki/Powiat_ostro%C5%82%C4%99cki
1461011,ostrołęka,14,WO,"33,5",48 471,Paweł Niewiadomski,True,"Urząd Miasta Ostrołęki, Plac gen. Józefa Bema 1 07-410 Ostrołęka",https://pl.wikipedia.org//wiki/Ostro%C5%82%C4%99ka
2607,ostrowiecki,26,TOS,"616,81 ",106 910,Agnieszka Rogalińska,False,ul. Iłżecka 37 27-400 Ostrowiec Świętokrzyski,https://pl.wikipedia.org//wiki/Powiat_ostrowiecki
3017,ostrowski,30,POS,"1160,12 ",161 581,Paweł Rajski,False,al. Powstańców Wlkp. 16 63-400 Ostrów Wielkopolski,https://pl.wikipedia.org//wiki/Powiat_ostrowski_(wojew%C3%B3dztwo_wielkopolskie)
1416,ostrowski,14,WOR,"1218,06 ",71 790,Zbigniew Chrupek,False,ul. 3 Maja 68 07-300 Ostrów Mazowiecka,https://pl.wikipedia.org//wiki/Powiat_ostrowski_(wojew%C3%B3dztwo_mazowieckie)
2815,ostródzki,28,NOS,1766 ,104 151,Andrzej Wiczkowski,False,ul. Jana III Sobieskiego 5 14-100 Ostróda,https://pl.wikipedia.org//wiki/Powiat_ostr%C3%B3dzki
3018,ostrzeszowski,30,POT,"772,37 ",55 500,Dariusz Świtoń,False,ul. Zamkowa 31 63-500 Ostrzeszów,https://pl.wikipedia.org//wiki/Powiat_ostrzeszowski
1213,oświęcimski,12,KOS,"406,03 ",153 486,Andrzej Skrzypiński,False,ul. Wyspiańskiego 10 32-602 Oświęcim,https://pl.wikipedia.org//wiki/Powiat_o%C5%9Bwi%C4%99cimski
1417,otwocki,14,WOT,"615,92 ",124 283,Tomasz Bogumił Laskus,False,ul. Górna 13 05-400 Otwock,https://pl.wikipedia.org//wiki/Powiat_otwocki
1008,pabianicki,10,EPA,"492,21 ",119 066,Arkadiusz Jaksa,False,ul. Piłsudskiego 2 95-200 Pabianice,https://pl.wikipedia.org//wiki/Powiat_pabianicki
1009,pajęczański,10,EPJ,"803,77 ",50 952,Paweł Sikora,False,ul. Kościuszki 76 98-330 Pajęczno,https://pl.wikipedia.org//wiki/Powiat_paj%C4%99cza%C5%84ski
0613,parczewski,06,LPA,"952,62 ",34 372,Janusz Hordejuk,False,ul. Warszawska 24 21-200 Parczew,https://pl.wikipedia.org//wiki/Powiat_parczewski
1418,piaseczyński,14,"WPI, WPA","621,04 ",190 606,Ewa Lubianiec,False,ul. Chyliczkowska 14 05-500 Piaseczno,https://pl.wikipedia.org//wiki/Powiat_piaseczy%C5%84ski
2471011,piekary śląskie,24,SPI,"39,98",54 860,Sława Umińska-Kajdan,True,ul. Bytomska84 41 940 Piekary Śląskie,https://pl.wikipedia.org//wiki/Piekary_%C5%9Al%C4%85skie
3019,pilski,30,PP,"1267,1 ",136 112,Rafał Zdzierela,False,al. Niepodległości 33/35 64-920 Piła (miasto),https://pl.wikipedia.org//wiki/Powiat_pilski
2608,pińczowski,26,TPI,"612,85 ",38 237,Zbigniew Kierkowski,False,ul. Zacisze 5 28-400 Pińczów,https://pl.wikipedia.org//wiki/Powiat_pi%C5%84czowski
1010,piotrkowski,10,EPI,"1428,77 ",91 208,Piotr Łączny,False,ul. Dąbrowskiego 7 97-300 Piotrków Trybunalski,https://pl.wikipedia.org//wiki/Powiat_piotrkowski
1062011,piotrków trybunalski,10,EP,"67,3 ",66 519,Juliusz Wiernicki,True,Pasaż Karola Rudowskiego 10 97-300 Piotrków Trybunalski,https://pl.wikipedia.org//wiki/Piotrk%C3%B3w_Trybunalski
2816,piski,28,NPI,"1776,17 ",56 135,Andrzej Nowicki,False,Warszawska 1 12-200 Pisz,https://pl.wikipedia.org//wiki/Powiat_piski
3020,pleszewski,30,PPL,"711,91 ",63 014,Maciej Wasielewski,False,ul. Poznańska 79 63-300 Pleszew,https://pl.wikipedia.org//wiki/Powiat_pleszewski
1462011,płock,14,WP,"88,04 ",112 483,Andrzej Nowakowski,True,Stary Rynek1 09-400 Płock,https://pl.wikipedia.org//wiki/P%C5%82ock
1419,płocki,14,WPL,"1798,71 ",110 742,Sylwester Ziemkiewicz,False,ul. Bielska 59 09-400 Płock,https://pl.wikipedia.org//wiki/Powiat_p%C5%82ocki
1420,płoński,14,WPN,"1383,67 ",86 671,Artur Adamski,False,ul. Płocka 39 09-100 Płońsk,https://pl.wikipedia.org//wiki/Powiat_p%C5%82o%C5%84ski
1011,poddębicki,10,EPD,"880,91 ",40 906,Małgorzata Komajda,False,ul. Łęczycka 16 99-200 Poddębice,https://pl.wikipedia.org//wiki/Powiat_podd%C4%99bicki
3211,policki,32,ZPL,"665,33 ",85 368,Shivan Fate,False,ul. Tanowska 8 72-010 Police,https://pl.wikipedia.org//wiki/Powiat_policki
0216,polkowicki,02,DPL,"779,93 ",62 997,Kamil Ciupak,False,"ul. św. Sebastiana 1, 59-100 Polkowice",https://pl.wikipedia.org//wiki/Powiat_polkowicki
3064011,poznań,30,"PO, PY","261,91",541 316,Jacek Jaśkowiak,True,plac Kolegiacki17 61-841 Poznań,https://pl.wikipedia.org//wiki/Pozna%C5%84
3021,poznański,30,"POZ, PZ","1899,95 ",445 121,Jan Grabkowski,False,ul. Jackowskiego 18/20 60-509 Poznań,https://pl.wikipedia.org//wiki/Powiat_pozna%C5%84ski
1214,proszowicki,12,KPR,"414,57 ",43 057,Krystian Hytroś,False,ul. 3 Maja 72 32-100 Proszowice,https://pl.wikipedia.org//wiki/Powiat_proszowicki
1610,prudnicki,16,OPR,"571,16 ",55 237,Radosław Roszkowski,False,ul. Kościuszki 76 48-200 Prudnik,https://pl.wikipedia.org//wiki/Powiat_prudnicki
1421,pruszkowski,14,"WPR, WPP i WPS","246,31 ",166 679,Adrian Ejssymont,False,ul. Drzymały 30 05-800 Pruszków,https://pl.wikipedia.org//wiki/Powiat_pruszkowski
1422,przasnyski,14,WPZ,"1217,82 ",52 101,Paweł Mostowy,False,ul. św. Stanisława Kostki 5 06-300 Przasnysz,https://pl.wikipedia.org//wiki/Powiat_przasnyski
1813,przemyski,18,RPR,"1213,73 ",71 271,Bożena Ryczan,False,pl. Dominikański 3 37-700 Przemyśl,https://pl.wikipedia.org//wiki/Powiat_przemyski
1862011,przemyśl,18,RP,"46,18 ",56 466,Wojciech Bakun,True,Rynek 1 37-700 Przemyśl,https://pl.wikipedia.org//wiki/Przemy%C5%9Bl
1814,przeworski,18,RPZ,"698,35 ",78 362,Dariusz Łapa,False,ul. Jagiellońska 10 37-200 Przeworsk,https://pl.wikipedia.org//wiki/Powiat_przeworski
1423,przysuski,14,WPY,"800,68 ",41 126,Marian Niemirski,False,ul. Jana Pawła II 10 26-400 Przysucha,https://pl.wikipedia.org//wiki/Powiat_przysuski
2410,pszczyński,24,SPS,"471,12 ",111 682,Grzegorz Wanot,False,ul. 3 Maja 10 43-200 Pszczyna,https://pl.wikipedia.org//wiki/Powiat_pszczy%C5%84ski
2211,pucki,22,GPU,572 ,86 684,Jarosław Białk,False,ul. Orzeszkowej 5 84-100 Puck,https://pl.wikipedia.org//wiki/Powiat_pucki
0614,puławski,06,LPU,933 ,112 384,Teresa Gutowska,False,al. Królewska 19 24-100 Puławy,https://pl.wikipedia.org//wiki/Powiat_pu%C5%82awski
1424,pułtuski,14,WPU,"828,63 ",51 741,Jan Zalewski,False,ul. Białowiejska 5 06-100 Pułtusk,https://pl.wikipedia.org//wiki/Powiat_pu%C5%82tuski
3212,pyrzycki,32,ZPY,726 ,36 614,Ewa Gąsiorowska-Nawój(od 2024),False,ul.Lipiańska 4 74-200 Pyrzyce,https://pl.wikipedia.org//wiki/Powiat_pyrzycki
2411,raciborski,24,SRC,"543,98 ",108 211,Grzegorz Swoboda,False,Plac Stefana Okrzei 4 47-400 Racibórz,https://pl.wikipedia.org//wiki/Powiat_raciborski
1463011,radom,14,"WR, AR","111,8 ",196 005,Radosław Witkowski,True,ul. Jana Kilińskiego 30 26-600 Radom,https://pl.wikipedia.org//wiki/Radom
1425,radomski,14,WRA,"1529,75 ",152 190,Waldemar Trelka,False,ul. Tadeusza Mazowieckiego 7 26-600 Radom,https://pl.wikipedia.org//wiki/Powiat_radomski
1012,radomszczański,10,ERA,"1442,78 ",111 696,Beata Pokora,False,ul. Leszka Czarnego 22 97-500 Radomsko,https://pl.wikipedia.org//wiki/Powiat_radomszcza%C5%84ski
0411,radziejowski,04,CRA,607 ,40 025,Jarosław Kołtuniak,False,ul. T. Kościuszki 17 88-200 Radziejów,https://pl.wikipedia.org//wiki/Powiat_radziejowski
0615,radzyński,06,LRA,"965,06 ",55 021,Szczepan Niebrzegowski,False,pl. Potockiego 1 21-300 Radzyń Podlaski,https://pl.wikipedia.org//wiki/Powiat_radzy%C5%84ski
3022,rawicki,30,PRA,"553,45 ",59 134,Adam Sperzyński,False,Rynek 17 63-900 Rawicz,https://pl.wikipedia.org//wiki/Powiat_rawicki
1013,rawski,10,ERW,"646,6 ",48 385,Tomasz Góraj,False,pl. Wolności 1 96-200 Rawa Mazowiecka,https://pl.wikipedia.org//wiki/Powiat_rawski
1815,ropczycko-sędziszowski,18,RRS,"548,89 ",74 006,Piotr Kapusta,False,ul. Konopnickiej 5 39-100 Ropczyce,https://pl.wikipedia.org//wiki/Powiat_ropczycko-s%C4%99dziszowski
2472011,ruda śląska,24,"SRS, SL",78 ,132 766,Michał Pierończyk,True,pl. Jana Pawła II 6 41-709 Ruda Śląska,https://pl.wikipedia.org//wiki/Ruda_%C5%9Al%C4%85ska
2412,rybnicki,24,SRB,"223,64 ",78 213,Damian Mrowiec,False,ul. 3 Maja 31 44-200 Rybnik,https://pl.wikipedia.org//wiki/Powiat_rybnicki
2473011,rybnik,24,"SR, IR","148,36 ",131 323,Piotr Kuczera,True,ul. Chrobrego 2 44-200 Rybnik,https://pl.wikipedia.org//wiki/Rybnik
0616,rycki,06,LRY,"615,54 ",55 530,Dariusz Szczygielski,False,ul. Wyczółkowskiego 10a 08-500 Ryki,https://pl.wikipedia.org//wiki/Powiat_rycki
0412,rypiński,04,CRY,"587,08 ",43 390,Jarosław Sochacki,False,ul. Warszawska 38 87-500 Rypin,https://pl.wikipedia.org//wiki/Powiat_rypi%C5%84ski
1816,rzeszowski,18,"RZE, RZZ, RZR","1153,32 ",169 438,Krzysztof Jarosz,False,ul. Grunwaldzka 15 35-959 Rzeszów,https://pl.wikipedia.org//wiki/Powiat_rzeszowski
1863011,rzeszów,18,RZ,"129,01 ",197 268,Konrad Fijołek,True,Rynek 1 35-064 Rzeszów,https://pl.wikipedia.org//wiki/Rzesz%C3%B3w
2609,sandomierski,26,TSA,"675,89 ",75 900,Marcin Piwnik,False,ul. Mickiewicza 34 27-600 Sandomierz,https://pl.wikipedia.org//wiki/Powiat_sandomierski
1817,sanocki,18,RSA,"1158,55 ",94 385,Robert Pieszczoch,False,Rynek 1 38-500 Sanok,https://pl.wikipedia.org//wiki/Powiat_sanocki
2009,sejneński,20,BSE,"856,07 ",19 914,Maciej Plesiewicz,False,ul. 1 Maja 1 16-500 Sejny,https://pl.wikipedia.org//wiki/Powiat_sejne%C5%84ski
0413,sępoleński,04,CSE,"790,86 ",40 826,Jarosław Tadych,False,ul. Kościuszki 11 89-400 Sępólno Krajeńskie,https://pl.wikipedia.org//wiki/Powiat_s%C4%99pole%C5%84ski
1464011,siedlce,14,WS,32,76 005,Tomasz Hapunowicz,True,Skwer Niepodległości 2 08-110 Siedlce,https://pl.wikipedia.org//wiki/Siedlce
1426,siedlecki,14,WSI,"1603,22 ",81 385,Karol Tchórzewski,False,ul.J. Piłsudskiego40 08-110 Siedlce,https://pl.wikipedia.org//wiki/Powiat_siedlecki
2474011,siemianowice śląskie,24,SI,"25,5 ",64 365,Rafał Piech,True,ul. Jana Pawła II10 41-100 Siemianowice Śląskie,https://pl.wikipedia.org//wiki/Siemianowice_%C5%9Al%C4%85skie
2010,siemiatycki,20,BSI,"1459,58 ",44 193,Mariusz Piotr Cieślik (od 2024),False,ul. Legionów Piłsudskiego 3 17-300 Siemiatycze,https://pl.wikipedia.org//wiki/Powiat_siemiatycki
1014,sieradzki,10,ESI,"1491,04 ",116 918,Mariusz Bądzior,False,pl. Wojewódzki 3 98-200 Sieradz,https://pl.wikipedia.org//wiki/Powiat_sieradzki
1427,sierpecki,14,WSE,"852,89 ",51 534,Przemysław Burzyński,False,ul. Świętokrzyska 2a 09-200 Sierpc,https://pl.wikipedia.org//wiki/Powiat_sierpecki
2610,skarżyski,26,TSK,"395,43 ",72 482,Artur Berus,False,ul. Konarskiego 20 26-110 Skarżysko-Kamienna,https://pl.wikipedia.org//wiki/Powiat_skar%C5%BCyski
1063011,skierniewice,10,ES,"34,60",45 184,Krzysztof Jażdżyk,True,"Rynek 1, 96-100 Skierniewice",https://pl.wikipedia.org//wiki/Skierniewice
1015,skierniewicki,10,ESK,"753,38",37 787,Mirosław Belina,False,ul. Konstytucji 3 Maja 6 96-100 Skierniewice,https://pl.wikipedia.org//wiki/Powiat_skierniewicki
3213,sławieński,32,ZSL,"1043,26 ",53 175,Wojciech Wiśniowski,False,ul. Stefanii Sempołowskiej 2a 76-100 Sławno,https://pl.wikipedia.org//wiki/Powiat_s%C5%82awie%C5%84ski
0805,słubicki,08,FSL,"999,7",46 944,Leszek Bajon,False,ul. Piłsudskiego 20 69-100 Słubice,https://pl.wikipedia.org//wiki/Powiat_s%C5%82ubicki
3023,słupecki,30,PSL,"837,91 ",59 077,Marek Dąbrowski,False,ul. Poznańska 20 62-400 Słupca,https://pl.wikipedia.org//wiki/Powiat_s%C5%82upecki
2263011,słupsk,22,GS,"52,72",86 027,Krystyna Danilecka-Wojewódzka,True,plac Zwycięstwa 3 76-200 Słupsk,https://pl.wikipedia.org//wiki/S%C5%82upsk
2212,słupski,22,GSL,"2294,41 ",98 686,Paweł Lisowski,False,ul. Szarych Szeregów 14 76-200 Słupsk,https://pl.wikipedia.org//wiki/Powiat_s%C5%82upski
1428,sochaczewski,14,WSC,"734,8 ",84 804,Jolanta Gonta,False,ul. M. J. Piłsudskiego 65 96-500 Sochaczew,https://pl.wikipedia.org//wiki/Powiat_sochaczewski
1429,sokołowski,14,WSK,"1131,42 ",53 294,Adam Góral,False,ul. Wolności 23 08-300 Sokołów Podlaski,https://pl.wikipedia.org//wiki/Powiat_soko%C5%82owski
2011,sokólski,20,BSK,2055 ,66 686,Piotr Rećko,False,ul. Piłsudskiego 8 16-100 Sokółka,https://pl.wikipedia.org//wiki/Powiat_sok%C3%B3lski
2264011,sopot,22,GSP,"17,28 ",32 115,Magdalena Czarzyńska-Jachim,True,ul. Kościuszki 25-27 81-704 Sopot,https://pl.wikipedia.org//wiki/Sopot
2475011,sosnowiec,24,SO,"91,16 ",187 115,Arkadiusz Chęciński,True,Aleja Zwycięstwa 20 41-200 Sosnowiec,https://pl.wikipedia.org//wiki/Sosnowiec
1818,stalowowolski,18,RST,"832,92 ",104 263,Janusz Zarzeczny,False,ul. Podleśna 15 37-450 Stalowa Wola,https://pl.wikipedia.org//wiki/Powiat_stalowowolski
2611,starachowicki,26,TST,"523,41 ",87 968,Piotr Ambroszczyk,False,ul. Władysława Borkowskiego 4 27-200 Starachowice,https://pl.wikipedia.org//wiki/Powiat_starachowicki
3214,stargardzki,32,ZST,"1519,94 ",119 128,Iwona Wiśniewska,False,ul. Skarbowa 1 73-110 Stargard,https://pl.wikipedia.org//wiki/Powiat_stargardzki
2213,starogardzki,22,GST,1345 ,128 186,Wioleta Strzemkowska-Konkolewska,False,ul. Kościuszki 17 83-200 Starogard Gdański,https://pl.wikipedia.org//wiki/Powiat_starogardzki
2612,staszowski,26,TSZ,"924,8 ",70 928,Józef Żółciak,False,ul. Piłsudskiego 7 28-200 Staszów,https://pl.wikipedia.org//wiki/Powiat_staszowski
1611,strzelecki,16,OST,"744,28 ",74 300,Waldemar Gaida,False,ul. Jordanowska 2 47-100 Strzelce Opolskie,https://pl.wikipedia.org//wiki/Powiat_strzelecki
0806,strzelecko-drezdenecki,08,FSD,"1248,32 ",48 621,Radosław Świekatowski,False,ul. ks. St. Wyszyńskiego 7 66-500 Strzelce Krajeńskie,https://pl.wikipedia.org//wiki/Powiat_strzelecko-drezdenecki
0217,strzeliński,02,DST,"622,27 ",43 221,Anna Horodyska,False,ul. Kamienna 10 57-100 Strzelin,https://pl.wikipedia.org//wiki/Powiat_strzeli%C5%84ski
1819,strzyżowski,18,RSR,"503,36 ",61 386,Robert Godek,False,ul. Przecławczyka 15 38-100 Strzyżów,https://pl.wikipedia.org//wiki/Powiat_strzy%C5%BCowski
0807,sulęciński,08,FSU,"1177,8 ",33 876,Tomasz Jaskuła,False,ul. Lipowa 18/18a 69-200 Sulęcin,https://pl.wikipedia.org//wiki/Powiat_sul%C4%99ci%C5%84ski
1215,suski,12,KSU,"685,75 ",83 761,Józef Bałos,False,ul. Mickiewicza 19 34-200 Sucha Beskidzka,https://pl.wikipedia.org//wiki/Powiat_suski
2012,suwalski,20,BSU,"1307,31 ",35 674,Witold Kowalewski,False,ul. Świerkowa 60 16-400 Suwałki,https://pl.wikipedia.org//wiki/Powiat_suwalski
2063011,suwałki,20,BS,"65,5 ",68 525,Czesław Renkiewicz,True,ul. Mickiewicza 1 16-400 Suwałki,https://pl.wikipedia.org//wiki/Suwa%C5%82ki
3024,szamotulski,30,PSZ,"1119,55 ",91 662,Beata Hanyżak,False,ul. Wojska Polskiego 4 64-500 Szamotuły,https://pl.wikipedia.org//wiki/Powiat_szamotulski
3262011,szczecin,32,"ZS, ZZ","300,55 ",390 278,Piotr Krzystek,True,plac Armii Krajowej 1 70-456 Szczecin,https://pl.wikipedia.org//wiki/Szczecin
3215,szczecinecki,32,ZSZ,"1765,39 ",72 930,Krzysztof Lis,False,,https://pl.wikipedia.org//wiki/Powiat_szczecinecki
2817,szczycieński,28,NSZ,"1933,1 ",69 376,Jarosław Matłach,False,ul. H. Sienkiewicza 1 12-100 Szczytno,https://pl.wikipedia.org//wiki/Powiat_szczycie%C5%84ski
2216,sztumski,22,GSZ,731 ,41 302,Leszek Sarnowski,False,ul. Mickiewicza 39 82-400 Sztum,https://pl.wikipedia.org//wiki/Powiat_sztumski
1430,szydłowiecki,14,WSZ,"452,22 ",39 340,Barbara Majewska,False,pl. Marii Konopnickiej 7 26-500 Szydłowiec,https://pl.wikipedia.org//wiki/Powiat_szyd%C5%82owiecki
3025,średzki,30,PSR,"623,18 ",58 879,Ernest Iwańczuk,False,ul. Daszyńskiego 5 63-000 Środa Wielkopolska,https://pl.wikipedia.org//wiki/Powiat_%C5%9Bredzki_(wojew%C3%B3dztwo_wielkopolskie)
0218,średzki,02,DSR,"703,68 ",55 508,Krzysztof Szałankiewicz,False,ul. Wrocławska 2 55-300 Środa Śląska,https://pl.wikipedia.org//wiki/Powiat_%C5%9Bredzki_(wojew%C3%B3dztwo_dolno%C5%9Bl%C4%85skie)
3026,śremski,30,PSE,"574,41 ",61 425,Piotr Ruta,False,ul. Mickiewicza 17 63-100 Śrem,https://pl.wikipedia.org//wiki/Powiat_%C5%9Bremski
0617,świdnicki,06,LSW,468.97 ,71 432,Waldemar Jakson,False,ul. Niepodległości 13 21-047 Świdnik,https://pl.wikipedia.org//wiki/Powiat_%C5%9Bwidnicki_(wojew%C3%B3dztwo_lubelskie)
0219,świdnicki,02,DSW,"742,89 ",156 015,Piotr Fedorowicz,False,ul. M. Skłodowskiej-Curie 7 58-100 Świdnica,https://pl.wikipedia.org//wiki/Powiat_%C5%9Bwidnicki_(wojew%C3%B3dztwo_dolno%C5%9Bl%C4%85skie)
3216,świdwiński,32,ZSD,"1093,06 ",43 390,Mirosław Majka,False,ul. Mieszka I 16 78-300 Świdwin,https://pl.wikipedia.org//wiki/Powiat_%C5%9Bwidwi%C5%84ski
0808,świebodziński,08,FSW,"937,45 ",55 520,Zbigniew Szumski,False,ul. Kolejowa 2 66-200 Świebodzin,https://pl.wikipedia.org//wiki/Powiat_%C5%9Bwiebodzi%C5%84ski
0414,świecki,04,CSW,"1472,78 ",98 703,Barbara Studzińska,False,ul. gen. Józefa Hallera 9 86-100 Świecie,https://pl.wikipedia.org//wiki/Powiat_%C5%9Bwiecki
2476011,świętochłowice,24,SW,"13,3 ",46 112,Daniel Beger,True,"ul. Katowicka 54, 41-600 Świętochłowice",https://pl.wikipedia.org//wiki/%C5%9Awi%C4%99toch%C5%82owice
3263011,świnoujście,32,ZSW,"202,11",39 189,Joanna Agatowska,True,ul. Wojska Polskiego 1/5 72-600 Świnoujście,https://pl.wikipedia.org//wiki/%C5%9Awinouj%C5%9Bcie
1864011,tarnobrzeg,18,RT,"85,4",44 156,Łukasz Nowak,True,Kościuszki 32 39-400 Tarnobrzeg,https://pl.wikipedia.org//wiki/Tarnobrzeg
1820,tarnobrzeski,18,RTA,"520,02 ",52 965,Paweł Bartoszek,False,ul. 1 Maja 4 39-400 Tarnobrzeg,https://pl.wikipedia.org//wiki/Powiat_tarnobrzeski
2413,tarnogórski,24,"STA, ITA","644,19 ",140 519,Adam Chmiel,False,ul. Karłuszowiec5 42-600 Tarnowskie Góry,https://pl.wikipedia.org//wiki/Powiat_tarnog%C3%B3rski
1216,tarnowski,12,KTA,"1413,44 ",201 230,Roman Łucarz,False,ul. Narutowicza 38 33-100 Tarnów,https://pl.wikipedia.org//wiki/Powiat_tarnowski
1263011,tarnów,12,KT,"72,38 ",103 515,Jakub Kwaśny,True,ul. Adama Mickiewicza 2 33-100 Tarnów,https://pl.wikipedia.org//wiki/Tarn%C3%B3w
1217,tatrzański,12,KTT,"471,62 ",68 049,Andrzej Skupień,False,ul. Chramcówki 15 34-500 Zakopane,https://pl.wikipedia.org//wiki/Powiat_tatrza%C5%84ski
2214,tczewski,22,GTC,697 ,115 728,Mirosław Augustyn,False,ul. Piaskowa 2 83-110 Tczew,https://pl.wikipedia.org//wiki/Powiat_tczewski
1016,tomaszowski,10,ETM,"1024,79 ",115 735,Mariusz Węgrzynowski,False,ul. św. Antoniego 41 97-200 Tomaszów Mazowiecki,https://pl.wikipedia.org//wiki/Powiat_tomaszowski_(wojew%C3%B3dztwo_%C5%82%C3%B3dzkie)
0618,tomaszowski,06,LTM,"1487,1 ",81 944,Henryk Karwan,False,ul. Lwowska 68 22-600 Tomaszów Lubelski,https://pl.wikipedia.org//wiki/Powiat_tomaszowski_(wojew%C3%B3dztwo_lubelskie)
0463011,toruń,04,CT,"115,72 ",195 263,Paweł Gulewski,True,Wały gen. Władysława Sikorskiego 8 87-100 Toruń,https://pl.wikipedia.org//wiki/Toru%C5%84
0415,toruński,04,CTR,"1229,71 ",109 565,Marek Olszewski,False,ul Towarowa 4-6 87-100 Toruń,https://pl.wikipedia.org//wiki/Powiat_toru%C5%84ski
0220,trzebnicki,02,DTR,"1025,55 ",85 226,Małgorzata Matusiak,False,ul. ks. Bochenka 6 55-100 Trzebnica,https://pl.wikipedia.org//wiki/Powiat_trzebnicki
0416,tucholski,04,CTU,"1075,27 ",48 322,Michał Mróz,False,ul. Pocztowa 7 89-500 Tuchola,https://pl.wikipedia.org//wiki/Powiat_tucholski
3027,turecki,30,PTU,"929,4 ",83 894,Jan Smak,False,ul. Kaliska 59 62-700 Turek,https://pl.wikipedia.org//wiki/Powiat_turecki
2477011,tychy,24,ST,82 ,124 139,Maciej Gramatyka,True,al. Niepodległości 49 43-100 Tychy,https://pl.wikipedia.org//wiki/Tychy
1218,wadowicki,12,KWA,"645,88 ",157 855,Mirosław Sordyl(od 2024),False,ul. Batorego 2 34-100 Wadowice,https://pl.wikipedia.org//wiki/Powiat_wadowicki
0265011,wałbrzych,02,DB,"84,68 ",101 082,Roman Szełemej,True,pl. Magistracki 1 58-300 Wałbrzych,https://pl.wikipedia.org//wiki/Wa%C5%82brzych
0221,wałbrzyski,02,"DBA, DB","430,22",55 107,Leonard Górski,False,al. Wyzwolenia 24 58-300 Wałbrzych,https://pl.wikipedia.org//wiki/Powiat_wa%C5%82brzyski
3217,wałecki,32,ZWA,"1414,95 ",50 204,Bogdan Wankiewicz,False,ul. Dąbrowskiego 17 78-600 Wałcz,https://pl.wikipedia.org//wiki/Powiat_wa%C5%82ecki
1465011,warszawa,14,zobacz więcej,"517,2",1 861 975,Rafał Trzaskowski,True,pl. Bankowy3/5 00-950 Warszawa,https://pl.wikipedia.org//wiki/Warszawa
1432,warszawski zachodni,14,WZ,"532,99 ",120 144,Romuald Reszka,False,ul. Poznańska 129/133 05-850 Ożarów Mazowiecki,https://pl.wikipedia.org//wiki/Powiat_warszawski_zachodni
0417,wąbrzeski,04,CWA,"501,31 ",34 040,Krzysztof Maćkiewicz,False,ul. Wolności 44 87-200 Wąbrzeźno,https://pl.wikipedia.org//wiki/Powiat_w%C4%85brzeski
3028,wągrowiecki,30,PWA,"1040,8 ",70 233,Tomasz Kranc,False,ul. Kościuszki 15 62-100 Wągrowiec,https://pl.wikipedia.org//wiki/Powiat_w%C4%85growiecki
2215,wejherowski,22,"GWE, GWO","1285,25 ",228 201,Marcin Kaczmarek,False,ul. 3 Maja 4 84-200 Wejherowo,https://pl.wikipedia.org//wiki/Powiat_wejherowski
2819,węgorzewski,28,NWE,"693,43 ",22 638,Alicja Rymszewicz,False,ul. 3 Maja 17B 11-660 Węgorzewo,https://pl.wikipedia.org//wiki/Powiat_w%C4%99gorzewski
1433,węgrowski,14,WWE,"1219,18 ",65 410,Ewa Besztak,False,ul. Przemysłowa 5 07-100 Węgrów,https://pl.wikipedia.org//wiki/Powiat_w%C4%99growski
1219,wielicki,12,KWI,411 ,130 651,Roman Ptak,False,ul. Rynek Górny 2 32-020 Wieliczka,https://pl.wikipedia.org//wiki/Powiat_wielicki
1017,wieluński,10,EWI,"927,69 ",75 736,Maciej Bryś,False,pl. Kazimierza Wielkiego 2 98-300 Wieluń,https://pl.wikipedia.org//wiki/Powiat_wielu%C5%84ski
1018,wieruszowski,10,EWE,"577,21 ",41 984,Stefan Pietras,False,Rynek 1/7 98-400 Wieruszów,https://pl.wikipedia.org//wiki/Powiat_wieruszowski
0464011,włocławek,04,CW,"85,09 ",101 450,Krzysztof Kukucki,True,Zielony Rynek 11/13 87-800 Włocławek,https://pl.wikipedia.org//wiki/W%C5%82oc%C5%82awek
0418,włocławski,04,CWL,"1472,34 ",85 074,Roman Gołębiewski,False,ul. Cyganka 28 87-800 Włocławek,https://pl.wikipedia.org//wiki/Powiat_w%C5%82oc%C5%82awski
0619,włodawski,06,LWL,"1256,27 ",37 989,Mariusz Zańko,False,al. J. Piłsudskiego 24 22-200 Włodawa,https://pl.wikipedia.org//wiki/Powiat_w%C5%82odawski
2613,włoszczowski,26,TLW,"907,86 ",43 085,Dariusz Czechowski,False,ul. Wiśniowa 10 29-100 Włoszczowa,https://pl.wikipedia.org//wiki/Powiat_w%C5%82oszczowski
2415,wodzisławski,24,"SWD, SWZ","286,92 ",157 088,Leszek Bizoń,False,ul. Bogumińska 2 44-300 Wodzisław Śląski,https://pl.wikipedia.org//wiki/Powiat_wodzis%C5%82awski
3029,wolsztyński,30,PWL,"680,03 ",57 446,Jacek Skrobisz,False,ul. 5 Stycznia 5 64-200 Wolsztyn,https://pl.wikipedia.org//wiki/Powiat_wolszty%C5%84ski
1434,wołomiński,14,"WWL, WV","955,37 ",252 408,Arkadiusz Werelich,False,ul. Prądzyńskiego 3 05-200 Wołomin,https://pl.wikipedia.org//wiki/Powiat_wo%C5%82omi%C5%84ski
0222,wołowski,02,DWL,675 ,46 623,Jan Janas,False,pl. Piastowski 2 56-100 Wołów,https://pl.wikipedia.org//wiki/Powiat_wo%C5%82owski
0264011,wrocław,02,"DW, DX, VW, VX","292,81",674 132,Jacek Sutryk,True,pl. Nowy Targ1/8 50-141 Wrocław,https://pl.wikipedia.org//wiki/Wroc%C5%82aw
0223,wrocławski,02,"DWR, VWR","1116,15 ",184 738,Włodzimierz Chlebosz,False,ul. Tadeusza Kościuszki 131 50-440 Wrocław,https://pl.wikipedia.org//wiki/Powiat_wroc%C5%82awski
3030,wrzesiński,30,PWR,"704,19 ",77 994,Dionizy Jaśniewicz,False,ul. Chopina 10 62-300 Września,https://pl.wikipedia.org//wiki/Powiat_wrzesi%C5%84ski
0812,wschowski,08,FWS,"624,2 ",38 613,Andrzej Bielawski,False,plac Kosynierów 1c 67-400 Wschowa,https://pl.wikipedia.org//wiki/Powiat_wschowski
2013,wysokomazowiecki,20,BWM,"1288,91 ",56 860,Bogdan Zieliński,False,ul. Ludowa 15a 18-200 Wysokie Mazowieckie,https://pl.wikipedia.org//wiki/Powiat_wysokomazowiecki
1435,wyszkowski,14,WWY,"876,49 ",74 220,Wojciech Kozon,False,al. Róż 2 07-200 Wyszków,https://pl.wikipedia.org//wiki/Powiat_wyszkowski
2478011,zabrze,24,SZ,"80,4 ",155 430,Agnieszka Rupniewska,True,ul. Powstańców Śląskich 5–7 41-800 Zabrze,https://pl.wikipedia.org//wiki/Zabrze
2014,zambrowski,20,BZA,"733,11 ",43 505,Zbigniew Teofil Jach,False,ul. Fabryczna 3 18-300 Zambrów,https://pl.wikipedia.org//wiki/Powiat_zambrowski
0620,zamojski,06,LZA,"1872,27 ",105 354,Stanisław Grześko,False,ul. Przemysłowa 4 22-400 Zamość,https://pl.wikipedia.org//wiki/Powiat_zamojski
0664011,zamość,06,LZ,"30,33",58 942,Rafał Zwolak,True,Rynek Wielki 13 22-400 Zamość,https://pl.wikipedia.org//wiki/Zamo%C5%9B%C4%87
2416,zawierciański,24,SZA,"1003,27 ",117 624,Gabriel Dors,False,ul. Sienkiewicza 34 42-400 Zawiercie,https://pl.wikipedia.org//wiki/Powiat_zawiercia%C5%84ski
0224,ząbkowicki,02,DZA,"801,75 ",64 080,Roman Fester,False,ul. Sienkiewicza 11 57-200 Ząbkowice Śląskie,https://pl.wikipedia.org//wiki/Powiat_z%C4%85bkowicki
1019,zduńskowolski,10,EZD,"369,24 ",66 064,Wojciech Rychlik,False,ul. Złotnickiego 25 98-220 Zduńska Wola,https://pl.wikipedia.org//wiki/Powiat_zdu%C5%84skowolski
1020,zgierski,10,EZG,"855,18 ",165 850,Iwona Dąbek,False,ul. Sadowa 6a 95-100 Zgierz,https://pl.wikipedia.org//wiki/Powiat_zgierski
0225,zgorzelecki,02,DZG,"838,11 ",88 386,Artur Bieliński,False,ul. Bohaterów II Armii WP 8 59-900 Zgorzelec,https://pl.wikipedia.org//wiki/Powiat_zgorzelecki
0862011,zielona góra,08,FZ,"278,32",139 278,Marcin Pabierowski,True,ul. Podgórna 22 65-424 Zielona Góra,https://pl.wikipedia.org//wiki/Zielona_G%C3%B3ra
0809,zielonogórski,08,FZI,"1350,71 ",74 967,Tadeusz Pająk,False,ul. Podgórna 5 65–057 Zielona Góra,https://pl.wikipedia.org//wiki/Powiat_zielonog%C3%B3rski
0226,złotoryjski,02,DZL,"575,45 ",43 038,Wiesław Świerczyński,False,pl. Niepodległości 8 59-500 Złotoryja,https://pl.wikipedia.org//wiki/Powiat_z%C5%82otoryjski
3031,złotowski,30,PZL,"1660,91 ",69 433,Ryszard Goławski,False,al. Piasta 32 77-400 Złotów,https://pl.wikipedia.org//wiki/Powiat_z%C5%82otowski
1436,zwoleński,14,WZW,"571,24 ",36 166,Andrzej Skorek,False,ul. Jagiełły 4 26-700 Zwoleń,https://pl.wikipedia.org//wiki/Powiat_zwole%C5%84ski
0810,żagański,08,FZG,"1131,29 ",78 148,Henryk Janowicz,False,ul. Dworcowa 39 68-100 Żagań,https://pl.wikipedia.org//wiki/Powiat_%C5%BCaga%C5%84ski
0811,żarski,08,FZA,1393 ,94 508,Józef Radzion,False,al. Jana Pawła II 5 68-200 Żary,https://pl.wikipedia.org//wiki/Powiat_%C5%BCarski
0419,żniński,04,CZN,"984,55 ",69 886,Zbigniew Jaszczuk,False,ul. Potockiego 1 88-400 Żnin,https://pl.wikipedia.org//wiki/Powiat_%C5%BCni%C5%84ski
2479011,żory,24,SZO,"64,59 ",61 839,Waldemar Socha,True,al. Wojska Polskiego 25 44-240 Żory,https://pl.wikipedia.org//wiki/%C5%BBory
1437,żuromiński,14,WZU,"805,01 ",38 515,Jerzy Rzymowski,False,pl. Piłsudskiego 4 09-300 Żuromin,https://pl.wikipedia.org//wiki/Powiat_%C5%BCuromi%C5%84ski
1438,żyrardowski,14,WZY,"532,63 ",75 414,Andrzej Wilk,False,"Starostwo Powiatowe w Żyrardowie ul. Limanowskiego 45, 96-300 Żyrardów",https://pl.wikipedia.org//wiki/Powiat_%C5%BCyrardowski
2417,żywiecki,24,SZY,"1039,96 ",152 756,Adrian Midor,False,ul. Krasińskiego 13 34-300 Żywiec,https://pl.wikipedia.org//wiki/Powiat_%C5%BCywiecki
